{
    "packages": [
        {
            "name": "smarty/smarty",
            "version": "v3.1.36",
            "version_normalized": "3.1.36.0",
            "source": {
                "type": "git",
                "url": "https://github.com/smarty-php/smarty.git",
                "reference": "fd148f7ade295014fff77f89ee3d5b20d9d55451"
            },
            "dist": {
                "type": "zip",
                "url": "https://api.github.com/repos/smarty-php/smarty/zipball/fd148f7ade295014fff77f89ee3d5b20d9d55451",
                "reference": "fd148f7ade295014fff77f89ee3d5b20d9d55451",
                "shasum": ""
            },
            "require": {
                "php": ">=5.2"
            },
            "require-dev": {
                "phpunit/phpunit": "6.4.1",
                "smarty/smarty-lexer": "^3.1"
            },
            "time": "2020-04-14T14:44:26+00:00",
            "type": "library",
            "extra": {
                "branch-alias": {
                    "dev-master": "3.1.x-dev"
                }
            },
            "installation-source": "dist",
            "autoload": {
                "classmap": [
                    "libs/"
                ]
            },
            "notification-url": "https://packagist.org/downloads/",
            "license": [
                "LGPL-3.0"
            ],
            "authors": [
                {
                    "name": "Monte Ohrt",
                    "email": "monte@ohrt.com"
                },
                {
                    "name": "Uwe Tews",
                    "email": "uwe.tews@googlemail.com"
                },
                {
                    "name": "Rodney Rehm",
                    "email": "rodney.rehm@medialize.de"
                }
            ],
            "description": "Smarty - the compiling PHP template engine",
            "homepage": "http://www.smarty.net",
            "keywords": [
                "templating"
            ],
            "support": {
                "forum": "http://www.smarty.net/forums/",
                "irc": "irc://irc.freenode.org/smarty",
                "issues": "https://github.com/smarty-php/smarty/issues",
                "source": "https://github.com/smarty-php/smarty/tree/v3.1.36"
            },
            "install-path": "../smarty/smarty"
        }
    ],
    "dev": true,
    "dev-package-names": []
}
